instruction,output
Explain Newton's first law for 10th grade CBSE physics.,Newton's first law states that an object at rest stays at rest and an object in motion stays in motion with the same speed and in the same direction unless acted upon by an unbalanced force. This is also known as the law of inertia in the CBSE curriculum. Example: A book on a table remains at rest until pushed.
Solve: What is 2 + 2 for basic math?,"2 + 2 equals 4. In NCERT math, addition is the process of combining numbers."
Describe photosynthesis for 9th grade CBSE biology.,"Photosynthesis is the process by which green plants make their own food using sunlight, carbon dioxide, and water. Equation: 6CO2 + 6H2O → C6H12O6 + 6O2. In CBSE syllabus, it's covered in the chapter on Life Processes."
What is the capital of India?,The capital of India is New Delhi. This is part of NCERT social studies for class 6.
Explain quadratic equations for 10th grade math.,A quadratic equation is of the form ax^2 + bx + c = 0. Solutions are found using the quadratic formula: x = [-b ± sqrt(b^2 - 4ac)] / (2a). CBSE examples include real-life applications like projectile motion.
What causes earthquakes according to CBSE geography?,"Earthquakes are caused by the sudden release of energy in the Earth's crust, often due to tectonic plate movements. In NCERT, it's discussed in the chapter on Natural Hazards."
Define democracy for class 8 civics.,"Democracy is a form of government where power is vested in the people, who rule either directly or through elected representatives. NCERT emphasizes features like equality and freedom."
Calculate the area of a circle with radius 7 cm.,Area = πr^2 = 3.14 * 49 ≈ 153.86 cm². This is a standard NCERT math problem for class 9.
Explain the water cycle for environmental science.,"The water cycle involves evaporation, condensation, precipitation, and collection. In CBSE, it's part of the geography syllabus on water resources."
What is Ohm's law in physics?,"Ohm's law states that V = IR, where V is voltage, I is current, and R is resistance. Covered in class 10 CBSE electricity chapter."
Describe the structure of an atom for chemistry.,"An atom consists of protons, neutrons in the nucleus, and electrons in orbits. NCERT class 9 chemistry introduces this with Bohr's model."
Solve: Factorize x^2 - 5x + 6.,Factors: (x-2)(x-3). This is a quadratic factorization example from CBSE algebra.
What is biodiversity?,"Biodiversity is the variety of life in an ecosystem. In NCERT biology, it's discussed in conservation chapters."
Explain the French Revolution briefly.,"The French Revolution (1789-1799) was a period of radical social and political change in France. Key events: Storming of Bastille, Reign of Terror. CBSE history class 9."
What is gravity?,Gravity is the force that attracts objects towards each other. Newton's law: F = G(m1 m2)/r^2. Part of CBSE physics gravitation chapter.
Explain the concept of friction for class 8 physics.,Friction is the force that opposes motion between two surfaces in contact. In NCERT, types include static, sliding, and rolling friction.
Solve: What is the perimeter of a rectangle with length 10 cm and width 5 cm?,Perimeter = 2(l + w) = 2(10 + 5) = 30 cm. NCERT class 7 math.
What is the function of the heart in the human body?,"The heart pumps blood, supplying oxygen and nutrients to the body. NCERT class 7 biology covers it in Transportation in Animals."
Define chemical reaction for class 10 chemistry.,A chemical reaction involves the transformation of reactants into products with new properties. NCERT examples include burning of magnesium.
What are the layers of the Earth?,The Earth has crust, mantle, outer core, and inner core. NCERT geography class 7 discusses their composition and properties.
Explain the concept of sets in math.,A set is a collection of distinct objects. NCERT class 11 math introduces types like finite, infinite, and empty sets.
What is the greenhouse effect?,The greenhouse effect traps heat in the Earth's atmosphere due to gases like CO2. NCERT environmental science for class 8.
Solve: Simplify (3x + 2)(x - 4).,(3x + 2)(x - 4) = 3x^2 - 12x + 2x - 8 = 3x^2 - 10x - 8. CBSE class 9 algebra.
What is the role of the Indian Parliament?,The Parliament makes laws, controls finances, and oversees the government. NCERT class 8 civics.
Describe the process of digestion in humans.,Digestion breaks down food into nutrients, starting in the mouth and ending in the small intestine. NCERT class 7 biology.
What is a convex lens?,A convex lens converges light rays to a focal point. NCERT class 10 physics covers its use in magnification.
Solve: Find the HCF of 12 and 18.,HCF = 6 (using division method). NCERT class 6 math.
Explain the causes of the First World War.,The First World War (1914-1918) was triggered by alliances, militarism, and the assassination of Archduke Franz Ferdinand. NCERT class 9 history.
What is an ecosystem?,An ecosystem is a community of living organisms interacting with their environment. NCERT class 12 biology.
Calculate the volume of a cube with side 4 cm.,Volume = side^3 = 4^3 = 64 cm^3. NCERT class 8 math.
What is the law of conservation of mass?,Mass of reactants equals mass of products in a chemical reaction. NCERT class 9 chemistry.
Explain the monsoon in India.,The monsoon is a seasonal wind system bringing heavy rainfall, vital for agriculture. NCERT class 9 geography.
Solve: If x + 5 = 12, find x.,x = 12 - 5 = 7. NCERT class 6 algebra.
What are the types of rocks?,Igneous, sedimentary, and metamorphic rocks. NCERT class 7 geography.
Define momentum in physics.,Momentum = mass × velocity. NCERT class 9 physics.
What is the function of chlorophyll?,Chlorophyll absorbs sunlight for photosynthesis. NCERT class 10 biology.
Solve: Find the area of a triangle with base 6 cm and height 8 cm.,Area = (1/2) × base × height = (1/2) × 6 × 8 = 24 cm^2. NCERT class 7 math.
Explain the Indian Independence Movement.,The movement (1857-1947) involved non-violent protests led by Gandhi and others. NCERT class 10 history.
What is a balanced diet?,A balanced diet includes carbohydrates, proteins, fats, vitamins, and minerals in proper proportions. NCERT class 6 science.
Describe the structure of a flower.,A flower has sepals, petals, stamens, and pistils. NCERT class 7 biology.
What is the Pythagorean theorem?,In a right triangle, a^2 + b^2 = c^2, where c is the hypotenuse. NCERT class 10 math.
Explain the concept of federalism.,Federalism divides power between central and state governments. NCERT class 10 civics.
Solve: What is 15% of 200?,15% of 200 = (15/100) × 200 = 30. NCERT class 7 math.
What is the role of enzymes in digestion?,Enzymes break down complex food into simpler forms. NCERT class 10 biology.
Define work in physics.,Work = force × distance × cos(θ). NCERT class 9 physics.
What is the significance of the Tropic of Cancer?,It marks the northernmost point where the sun is overhead. NCERT class 6 geography.
Solve: Solve 2x - 3 = 7.,2x = 10, x = 5. NCERT class 8 algebra.
Explain the carbon cycle.,The carbon cycle circulates carbon through the atmosphere, plants, animals, and soil. NCERT class 9 science.
What is a parliamentary democracy?,A democracy where the executive is accountable to the legislature. NCERT class 9 civics.
Describe the properties of acids.,Acids have a sour taste, turn blue litmus red, and react with bases. NCERT class 10 chemistry.
Calculate the speed if distance = 100 m and time = 20 s.,Speed = distance/time = 100/20 = 5 m/s. NCERT class 9 physics.
What is the Quit India Movement?,Launched in 1942 by Gandhi, it demanded complete independence. NCERT class 10 history.
Explain the concept of probability.,Probability measures the likelihood of an event, P(E) = favorable outcomes/total outcomes. NCERT class 10 math.
What are renewable resources?,Resources like solar and wind energy that replenish naturally. NCERT class 8 geography.
Solve: Factorize 2x^2 + 7x + 3.,Factors: (2x + 1)(x + 3). NCERT class 9 algebra.
What is the function of the pancreas?,The pancreas produces insulin and digestive enzymes. NCERT class 10 biology.
Explain the law of reflection.,The angle of incidence equals the angle of reflection. NCERT class 8 physics.
What is the importance of forests?,Forests provide oxygen, timber, and habitat for wildlife. NCERT class 7 geography.
Solve: Find the LCM of 6 and 8.,LCM = 24 (using division method). NCERT class 6 math.
Describe the formation of coal.,Coal forms from plant remains under high pressure and temperature over millions of years. NCERT class 8 science.
What is secularism in India?,Secularism ensures equal treatment of all religions by the state. NCERT class 8 civics.
Explain the concept of exponents.,Exponents represent repeated multiplication, e.g., 2^3 = 8. NCERT class 8 math.
What is the role of the kidneys?,Kidneys filter blood and produce urine. NCERT class 10 biology.
Solve: If 3x + 9 = 15, find x.,3x = 6, x = 2. NCERT class 7 algebra.
What is the significance of the Indus Valley Civilization?,Known for planned cities like Harappa, it’s a key topic in NCERT class 6 history.
Define pressure in physics.,Pressure = force/area. NCERT class 8 physics.
Explain the nitrogen cycle.,The nitrogen cycle converts nitrogen into compounds for plants and animals. NCERT class 9 biology.
What are the Fundamental Rights in India?,Rights like equality, freedom, and education guaranteed by the Constitution. NCERT class 8 civics.
Solve: Calculate the volume of a cylinder with radius 3 cm and height 10 cm.,Volume = πr^2h = 3.14 × 9 × 10 ≈ 282.6 cm^3. NCERT class 9 math.
What is the role of the atmosphere?,The atmosphere protects life by filtering UV rays and regulating temperature. NCERT class 7 geography.
Describe the process of respiration.,Respiration converts glucose into energy using oxygen. NCERT class 7 biology.
What is a chemical bond?,A chemical bond is the force holding atoms together in a molecule. NCERT class 11 chemistry.
Solve: Find the square root of 144.,Square root of 144 = 12. NCERT class 8 math.
Explain the Non-Cooperation Movement.,Launched in 1920 by Gandhi, it boycotted British goods and institutions. NCERT class 10 history.
What is the function of a barometer?,A barometer measures atmospheric pressure. NCERT class 7 science.
Define rational numbers.,Rational numbers are of the form p/q, where q ≠ 0. NCERT class 8 math.
What is the importance of the Himalayas?,The Himalayas influence climate and protect India from invasions. NCERT class 9 geography.
Solve: If 5x = 25, find x.,x = 25/5 = 5. NCERT class 6 algebra.
Explain the concept of electric current.,Electric current is the flow of electric charge. NCERT class 10 physics.
What is the role of the President in India?,The President is the head of state with ceremonial and emergency powers. NCERT class 8 civics.
Describe the structure of DNA.,DNA is a double helix with nucleotide base pairs. NCERT class 12 biology.
Calculate the area of a square with side 5 cm.,Area = side^2 = 5^2 = 25 cm^2. NCERT class 7 math.
What is the significance of the Dandi Salt March?,Led by Gandhi in 1930, it protested British salt tax. NCERT class 10 history.
Explain the concept of heat.,Heat is a form of energy transferred due to temperature difference. NCERT class 7 science.
What are the types of soil in India?,Alluvial, black, red, and laterite soils. NCERT class 10 geography.
Solve: Simplify (x + 3)^2.,(x + 3)^2 = x^2 + 6x + 9. NCERT class 8 algebra.
What is the function of the lungs?,Lungs facilitate gas exchange, taking in oxygen and expelling CO2. NCERT class 7 biology.
Define isotopes.,Isotopes are atoms of the same element with different neutron numbers. NCERT class 9 chemistry.
What is the role of the judiciary in India?,The judiciary interprets laws and ensures justice. NCERT class 8 civics.
Solve: Find the perimeter of a triangle with sides 3 cm, 4 cm, 5 cm.,Perimeter = 3 + 4 + 5 = 12 cm. NCERT class 7 math.
Explain the concept of sustainable development.,Sustainable development meets present needs without compromising future resources. NCERT class 10 geography.
What is the function of mitochondria?,Mitochondria produce energy through cellular respiration. NCERT class 9 biology.
Describe the properties of bases.,Bases taste bitter, turn red litmus blue, and react with acids. NCERT class 10 chemistry.
Solve: If 2x + 4 = 10, find x.,2x = 6, x = 3. NCERT class 7 algebra.
What is the significance of the Battle of Plassey?,Fought in 1757, it marked the start of British rule in India. NCERT class 8 history.
Explain the concept of magnetism.,Magnetism is the force exerted by magnets, attracting or repelling objects. NCERT class 6 science.
What are the sources of water?,Sources include rivers, lakes, groundwater, and rainwater. NCERT class 7 geography.